"Year","Main_Category","Predicted_Count"
2026,"Risk, Security & Consumer Protection",4
2027,"Risk, Security & Consumer Protection",4
2028,"Risk, Security & Consumer Protection",4
2029,"Risk, Security & Consumer Protection",4
2030,"Risk, Security & Consumer Protection",4
2026,"Taxation",1
2027,"Taxation",1
2028,"Taxation",1
2029,"Taxation",1
2030,"Taxation",1
2026,"Regional Integration & Geopolitics",2
2027,"Regional Integration & Geopolitics",2
2028,"Regional Integration & Geopolitics",2
2029,"Regional Integration & Geopolitics",2
2030,"Regional Integration & Geopolitics",2
2026,"Regulation, Law & Compliance",13
2027,"Regulation, Law & Compliance",13
2028,"Regulation, Law & Compliance",13
2029,"Regulation, Law & Compliance",13
2030,"Regulation, Law & Compliance",13
2026,"Innovation & Adoption Trends",4
2027,"Innovation & Adoption Trends",4
2028,"Innovation & Adoption Trends",4
2029,"Innovation & Adoption Trends",4
2030,"Innovation & Adoption Trends",4
2026,"Blockchain & Digital Infrastructure",0
2027,"Blockchain & Digital Infrastructure",0
2028,"Blockchain & Digital Infrastructure",0
2029,"Blockchain & Digital Infrastructure",0
2030,"Blockchain & Digital Infrastructure",0
2026,"CBDC & Monetary Policy",4
2027,"CBDC & Monetary Policy",4
2028,"CBDC & Monetary Policy",4
2029,"CBDC & Monetary Policy",4
2030,"CBDC & Monetary Policy",4
2026,"Digital Economy & Tech Policy",0
2027,"Digital Economy & Tech Policy",0
2028,"Digital Economy & Tech Policy",0
2029,"Digital Economy & Tech Policy",0
2030,"Digital Economy & Tech Policy",0
2026,"Sector-Specific Applications",2
2027,"Sector-Specific Applications",2
2028,"Sector-Specific Applications",2
2029,"Sector-Specific Applications",2
2030,"Sector-Specific Applications",2
2026,"Economic & Financial Impact",1
2027,"Economic & Financial Impact",1
2028,"Economic & Financial Impact",1
2029,"Economic & Financial Impact",1
2030,"Economic & Financial Impact",1
2026,"Financial Inclusion & Social Impact",4
2027,"Financial Inclusion & Social Impact",4
2028,"Financial Inclusion & Social Impact",4
2029,"Financial Inclusion & Social Impact",4
2030,"Financial Inclusion & Social Impact",4
2026,"Environmental & Energy Impact",1
2027,"Environmental & Energy Impact",1
2028,"Environmental & Energy Impact",1
2029,"Environmental & Energy Impact",1
2030,"Environmental & Energy Impact",1
